text,label
Send BTC to this address for guaranteed returns!,1
Enjoying a relaxing day at home!,0
Feeling motivated to start a new project!,0
Click here to get free Bitcoin!,1
Click here to get free Bitcoin!,1
Exclusive offer: Buy our new token now!,1
Celebrating a small victory today!,0
Enjoying a relaxing day at home!,0
Invest in this new crypto token and make millions!,1
Excited about the new season of my favorite show!,0
Click here to get free Bitcoin!,1
Celebrating a small victory today!,0
Invest in this new crypto token and make millions!,1
Happy Birthday to my best friend!,0
Looking forward to the weekend!,0
Exclusive offer: Buy our new token now!,1
"Lovely weather today, feeling great!",0
Transfer crypto to my wallet for a chance to win big!,1
Earn crypto rewards by clicking this link!,1
Looking forward to the weekend!,0
Earn crypto rewards by clicking this link!,1
"This new token is the next big thing, buy now!",1
Excited about the new season of my favorite show!,0
Just had the best coffee ever!,0
Invest in this new crypto token and make millions!,1
Send me your ETH and I'll double it!,1
"This new token is the next big thing, buy now!",1
Had a wonderful time with friends!,0
Happy Birthday to my best friend!,0
Click here to get free Bitcoin!,1
Feeling motivated to start a new project!,0
"This new token is the next big thing, buy now!",1
Excited about the new season of my favorite show!,0
Excited about the new season of my favorite show!,0
"This new token is the next big thing, buy now!",1
Send me your ETH and I'll double it!,1
Send BTC to this address for guaranteed returns!,1
Invest in this new crypto token and make millions!,1
Happy Birthday to my best friend!,0
Send BTC to this address for guaranteed returns!,1
Join our crypto investment scheme and profit!,1
"This new token is the next big thing, buy now!",1
Celebrating a small victory today!,0
Transfer crypto to my wallet for a chance to win big!,1
Exclusive offer: Buy our new token now!,1
Earn crypto rewards by clicking this link!,1
Send me your ETH and I'll double it!,1
Excited about the new season of my favorite show!,0
Looking forward to the weekend!,0
Send me your ETH and I'll double it!,1
Happy Birthday to my best friend!,0
Looking forward to the weekend!,0
Happy Birthday to my best friend!,0
Send me your ETH and I'll double it!,1
Click here to get free Bitcoin!,1
Send me your ETH and I'll double it!,1
Invest in crypto and watch your money grow!,1
Looking forward to the weekend!,0
Click here to get free Bitcoin!,1
Click here to get free Bitcoin!,1
Exclusive offer: Buy our new token now!,1
Invest in this new crypto token and make millions!,1
Happy Birthday to my best friend!,0
"Lovely weather today, feeling great!",0
Click here to get free Bitcoin!,1
Just completed a 5K run!,0
Earn crypto rewards by clicking this link!,1
Excited about the new season of my favorite show!,0
Had a wonderful time with friends!,0
Exclusive offer: Buy our new token now!,1
Enjoying a relaxing day at home!,0
Join our crypto investment scheme and profit!,1
Enjoying a relaxing day at home!,0
Looking forward to the weekend!,0
Just had the best coffee ever!,0
Click here to get free Bitcoin!,1
Send BTC to this address for guaranteed returns!,1
Join our crypto investment scheme and profit!,1
Invest in this new crypto token and make millions!,1
"This new token is the next big thing, buy now!",1
Just completed a 5K run!,0
Send me your ETH and I'll double it!,1
Send BTC to this address for guaranteed returns!,1
Invest in this new crypto token and make millions!,1
Earn crypto rewards by clicking this link!,1
Send me your ETH and I'll double it!,1
"Lovely weather today, feeling great!",0
Invest in crypto and watch your money grow!,1
Join our crypto investment scheme and profit!,1
Invest in crypto and watch your money grow!,1
Transfer crypto to my wallet for a chance to win big!,1
Send BTC to this address for guaranteed returns!,1
Happy Birthday to my best friend!,0
Transfer crypto to my wallet for a chance to win big!,1
Join our crypto investment scheme and profit!,1
Exclusive offer: Buy our new token now!,1
Enjoying a relaxing day at home!,0
Enjoying a relaxing day at home!,0
Enjoying a relaxing day at home!,0
Send BTC to this address for guaranteed returns!,1
Invest in crypto and watch your money grow!,1
Feeling motivated to start a new project!,0
"Lovely weather today, feeling great!",0
Send me your ETH and I'll double it!,1
Invest in crypto and watch your money grow!,1
Transfer crypto to my wallet for a chance to win big!,1
Send me your ETH and I'll double it!,1
Just completed a 5K run!,0
Join our crypto investment scheme and profit!,1
Join our crypto investment scheme and profit!,1
Send me your ETH and I'll double it!,1
Click here to get free Bitcoin!,1
Exclusive offer: Buy our new token now!,1
Feeling motivated to start a new project!,0
Transfer crypto to my wallet for a chance to win big!,1
Invest in this new crypto token and make millions!,1
Click here to get free Bitcoin!,1
Click here to get free Bitcoin!,1
Excited about the new season of my favorite show!,0
Earn crypto rewards by clicking this link!,1
Send me your ETH and I'll double it!,1
"Lovely weather today, feeling great!",0
Happy Birthday to my best friend!,0
"Lovely weather today, feeling great!",0
Send me your ETH and I'll double it!,1
Invest in crypto and watch your money grow!,1
Exclusive offer: Buy our new token now!,1
Transfer crypto to my wallet for a chance to win big!,1
Excited about the new season of my favorite show!,0
Exclusive offer: Buy our new token now!,1
Just had the best coffee ever!,0
Just completed a 5K run!,0
"This new token is the next big thing, buy now!",1
Just had the best coffee ever!,0
Celebrating a small victory today!,0
Excited about the new season of my favorite show!,0
Looking forward to the weekend!,0
Just had the best coffee ever!,0
Transfer crypto to my wallet for a chance to win big!,1
Transfer crypto to my wallet for a chance to win big!,1
Exclusive offer: Buy our new token now!,1
Transfer crypto to my wallet for a chance to win big!,1
Enjoying a relaxing day at home!,0
"Lovely weather today, feeling great!",0
Feeling motivated to start a new project!,0
Had a wonderful time with friends!,0
"This new token is the next big thing, buy now!",1
Enjoying a relaxing day at home!,0
Excited about the new season of my favorite show!,0
Click here to get free Bitcoin!,1
Excited about the new season of my favorite show!,0
Just had the best coffee ever!,0
Enjoying a relaxing day at home!,0
Exclusive offer: Buy our new token now!,1
Exclusive offer: Buy our new token now!,1
Join our crypto investment scheme and profit!,1
Had a wonderful time with friends!,0
Join our crypto investment scheme and profit!,1
Exclusive offer: Buy our new token now!,1
Celebrating a small victory today!,0
Invest in crypto and watch your money grow!,1
Happy Birthday to my best friend!,0
Just had the best coffee ever!,0
"Lovely weather today, feeling great!",0
Earn crypto rewards by clicking this link!,1
Excited about the new season of my favorite show!,0
"Lovely weather today, feeling great!",0
Earn crypto rewards by clicking this link!,1
Happy Birthday to my best friend!,0
Had a wonderful time with friends!,0
Looking forward to the weekend!,0
Click here to get free Bitcoin!,1
Exclusive offer: Buy our new token now!,1
Invest in this new crypto token and make millions!,1
Send BTC to this address for guaranteed returns!,1
Send BTC to this address for guaranteed returns!,1
Excited about the new season of my favorite show!,0
Just had the best coffee ever!,0
Send BTC to this address for guaranteed returns!,1
Just completed a 5K run!,0
Happy Birthday to my best friend!,0
Earn crypto rewards by clicking this link!,1
Join our crypto investment scheme and profit!,1
Click here to get free Bitcoin!,1
Click here to get free Bitcoin!,1
Earn crypto rewards by clicking this link!,1
Just completed a 5K run!,0
Transfer crypto to my wallet for a chance to win big!,1
Excited about the new season of my favorite show!,0
Transfer crypto to my wallet for a chance to win big!,1
Happy Birthday to my best friend!,0
Just completed a 5K run!,0
Send me your ETH and I'll double it!,1
Send BTC to this address for guaranteed returns!,1
Click here to get free Bitcoin!,1
Looking forward to the weekend!,0
Send me your ETH and I'll double it!,1
Looking forward to the weekend!,0
Join our crypto investment scheme and profit!,1
Enjoying a relaxing day at home!,0
Feeling motivated to start a new project!,0
Join our crypto investment scheme and profit!,1
Celebrating a small victory today!,0
"Lovely weather today, feeling great!",0
Just had the best coffee ever!,0
Enjoying a relaxing day at home!,0
Feeling motivated to start a new project!,0
Exclusive offer: Buy our new token now!,1
Just completed a 5K run!,0
Join our crypto investment scheme and profit!,1
Happy Birthday to my best friend!,0
Exclusive offer: Buy our new token now!,1
Join our crypto investment scheme and profit!,1
Excited about the new season of my favorite show!,0
Celebrating a small victory today!,0
Celebrating a small victory today!,0
Just completed a 5K run!,0
Invest in this new crypto token and make millions!,1
Invest in this new crypto token and make millions!,1
Happy Birthday to my best friend!,0
Transfer crypto to my wallet for a chance to win big!,1
Enjoying a relaxing day at home!,0
Exclusive offer: Buy our new token now!,1
Earn crypto rewards by clicking this link!,1
Enjoying a relaxing day at home!,0
Just had the best coffee ever!,0
Had a wonderful time with friends!,0
Had a wonderful time with friends!,0
"Lovely weather today, feeling great!",0
"Lovely weather today, feeling great!",0
Just completed a 5K run!,0
Happy Birthday to my best friend!,0
Enjoying a relaxing day at home!,0
Celebrating a small victory today!,0
Send BTC to this address for guaranteed returns!,1
Celebrating a small victory today!,0
Enjoying a relaxing day at home!,0
Invest in crypto and watch your money grow!,1
Just had the best coffee ever!,0
Invest in this new crypto token and make millions!,1
Just completed a 5K run!,0
Enjoying a relaxing day at home!,0
Happy Birthday to my best friend!,0
"This new token is the next big thing, buy now!",1
Invest in this new crypto token and make millions!,1
Feeling motivated to start a new project!,0
Enjoying a relaxing day at home!,0
Click here to get free Bitcoin!,1
Looking forward to the weekend!,0
Just completed a 5K run!,0
Feeling motivated to start a new project!,0
Earn crypto rewards by clicking this link!,1
Invest in this new crypto token and make millions!,1
Looking forward to the weekend!,0
Enjoying a relaxing day at home!,0
Had a wonderful time with friends!,0
Excited about the new season of my favorite show!,0
Excited about the new season of my favorite show!,0
"This new token is the next big thing, buy now!",1
Celebrating a small victory today!,0
Send me your ETH and I'll double it!,1
Looking forward to the weekend!,0
Earn crypto rewards by clicking this link!,1
Feeling motivated to start a new project!,0
Just completed a 5K run!,0
Enjoying a relaxing day at home!,0
Feeling motivated to start a new project!,0
Invest in this new crypto token and make millions!,1
Excited about the new season of my favorite show!,0
Excited about the new season of my favorite show!,0
Exclusive offer: Buy our new token now!,1
Join our crypto investment scheme and profit!,1
Invest in this new crypto token and make millions!,1
Had a wonderful time with friends!,0
Had a wonderful time with friends!,0
Excited about the new season of my favorite show!,0
Excited about the new season of my favorite show!,0
Had a wonderful time with friends!,0
Transfer crypto to my wallet for a chance to win big!,1
Exclusive offer: Buy our new token now!,1
Invest in this new crypto token and make millions!,1
Invest in this new crypto token and make millions!,1
Had a wonderful time with friends!,0
Looking forward to the weekend!,0
Feeling motivated to start a new project!,0
Exclusive offer: Buy our new token now!,1
Feeling motivated to start a new project!,0
Had a wonderful time with friends!,0
Looking forward to the weekend!,0
Transfer crypto to my wallet for a chance to win big!,1
Just had the best coffee ever!,0
Enjoying a relaxing day at home!,0
Just completed a 5K run!,0
Looking forward to the weekend!,0
Send me your ETH and I'll double it!,1
Had a wonderful time with friends!,0
Looking forward to the weekend!,0
Send me your ETH and I'll double it!,1
"This new token is the next big thing, buy now!",1
Invest in crypto and watch your money grow!,1
Happy Birthday to my best friend!,0
Invest in this new crypto token and make millions!,1
Exclusive offer: Buy our new token now!,1
Invest in crypto and watch your money grow!,1
Invest in crypto and watch your money grow!,1
Just completed a 5K run!,0
Just completed a 5K run!,0
Exclusive offer: Buy our new token now!,1
Transfer crypto to my wallet for a chance to win big!,1
Just had the best coffee ever!,0
Just completed a 5K run!,0
Happy Birthday to my best friend!,0
Feeling motivated to start a new project!,0
Send me your ETH and I'll double it!,1
Invest in this new crypto token and make millions!,1
Send me your ETH and I'll double it!,1
Invest in this new crypto token and make millions!,1
Invest in crypto and watch your money grow!,1
Looking forward to the weekend!,0
Transfer crypto to my wallet for a chance to win big!,1
Just completed a 5K run!,0
Happy Birthday to my best friend!,0
Just completed a 5K run!,0
Enjoying a relaxing day at home!,0
Send me your ETH and I'll double it!,1
Enjoying a relaxing day at home!,0
Just completed a 5K run!,0
Send me your ETH and I'll double it!,1
Invest in crypto and watch your money grow!,1
Invest in this new crypto token and make millions!,1
Invest in crypto and watch your money grow!,1
Just had the best coffee ever!,0
"Lovely weather today, feeling great!",0
Join our crypto investment scheme and profit!,1
Had a wonderful time with friends!,0
Celebrating a small victory today!,0
Excited about the new season of my favorite show!,0
Transfer crypto to my wallet for a chance to win big!,1
Join our crypto investment scheme and profit!,1
Transfer crypto to my wallet for a chance to win big!,1
Enjoying a relaxing day at home!,0
Enjoying a relaxing day at home!,0
Send BTC to this address for guaranteed returns!,1
Click here to get free Bitcoin!,1
Send me your ETH and I'll double it!,1
Earn crypto rewards by clicking this link!,1
Feeling motivated to start a new project!,0
Click here to get free Bitcoin!,1
Looking forward to the weekend!,0
Click here to get free Bitcoin!,1
Click here to get free Bitcoin!,1
Invest in this new crypto token and make millions!,1
Transfer crypto to my wallet for a chance to win big!,1
Looking forward to the weekend!,0
"Lovely weather today, feeling great!",0
Just completed a 5K run!,0
Click here to get free Bitcoin!,1
Looking forward to the weekend!,0
Just completed a 5K run!,0
Exclusive offer: Buy our new token now!,1
Exclusive offer: Buy our new token now!,1
Send me your ETH and I'll double it!,1
Feeling motivated to start a new project!,0
"This new token is the next big thing, buy now!",1
Send BTC to this address for guaranteed returns!,1
Just had the best coffee ever!,0
Just completed a 5K run!,0
Celebrating a small victory today!,0
Transfer crypto to my wallet for a chance to win big!,1
Transfer crypto to my wallet for a chance to win big!,1
Transfer crypto to my wallet for a chance to win big!,1
Invest in this new crypto token and make millions!,1
Just completed a 5K run!,0
Invest in crypto and watch your money grow!,1
Had a wonderful time with friends!,0
"Lovely weather today, feeling great!",0
Just had the best coffee ever!,0
Excited about the new season of my favorite show!,0
Invest in crypto and watch your money grow!,1
Enjoying a relaxing day at home!,0
Invest in this new crypto token and make millions!,1
Enjoying a relaxing day at home!,0
Invest in this new crypto token and make millions!,1
"Lovely weather today, feeling great!",0
Looking forward to the weekend!,0
Happy Birthday to my best friend!,0
Click here to get free Bitcoin!,1
"This new token is the next big thing, buy now!",1
Transfer crypto to my wallet for a chance to win big!,1
Invest in crypto and watch your money grow!,1
Invest in this new crypto token and make millions!,1
Just had the best coffee ever!,0
Had a wonderful time with friends!,0
Just had the best coffee ever!,0
Excited about the new season of my favorite show!,0
Looking forward to the weekend!,0
Celebrating a small victory today!,0
Click here to get free Bitcoin!,1
Excited about the new season of my favorite show!,0
Exclusive offer: Buy our new token now!,1
Invest in crypto and watch your money grow!,1
Earn crypto rewards by clicking this link!,1
Invest in this new crypto token and make millions!,1
Just completed a 5K run!,0
Celebrating a small victory today!,0
Looking forward to the weekend!,0
Feeling motivated to start a new project!,0
Feeling motivated to start a new project!,0
Happy Birthday to my best friend!,0
Just had the best coffee ever!,0
Just had the best coffee ever!,0
Feeling motivated to start a new project!,0
Just completed a 5K run!,0
Transfer crypto to my wallet for a chance to win big!,1
Looking forward to the weekend!,0
Join our crypto investment scheme and profit!,1
Join our crypto investment scheme and profit!,1
Looking forward to the weekend!,0
Enjoying a relaxing day at home!,0
"This new token is the next big thing, buy now!",1
Invest in crypto and watch your money grow!,1
Send BTC to this address for guaranteed returns!,1
Click here to get free Bitcoin!,1
Exclusive offer: Buy our new token now!,1
Happy Birthday to my best friend!,0
Happy Birthday to my best friend!,0
Invest in this new crypto token and make millions!,1
Just completed a 5K run!,0
Invest in crypto and watch your money grow!,1
Excited about the new season of my favorite show!,0
Click here to get free Bitcoin!,1
"Lovely weather today, feeling great!",0
Enjoying a relaxing day at home!,0
Celebrating a small victory today!,0
Excited about the new season of my favorite show!,0
Feeling motivated to start a new project!,0
Just had the best coffee ever!,0
Exclusive offer: Buy our new token now!,1
Had a wonderful time with friends!,0
Invest in this new crypto token and make millions!,1
Excited about the new season of my favorite show!,0
Transfer crypto to my wallet for a chance to win big!,1
Click here to get free Bitcoin!,1
Excited about the new season of my favorite show!,0
Had a wonderful time with friends!,0
Celebrating a small victory today!,0
Send me your ETH and I'll double it!,1
Just completed a 5K run!,0
Feeling motivated to start a new project!,0
Had a wonderful time with friends!,0
Earn crypto rewards by clicking this link!,1
Feeling motivated to start a new project!,0
Looking forward to the weekend!,0
Had a wonderful time with friends!,0
"This new token is the next big thing, buy now!",1
Celebrating a small victory today!,0
Feeling motivated to start a new project!,0
Send me your ETH and I'll double it!,1
Just had the best coffee ever!,0
"Lovely weather today, feeling great!",0
Celebrating a small victory today!,0
Just had the best coffee ever!,0
Earn crypto rewards by clicking this link!,1
"Lovely weather today, feeling great!",0
Feeling motivated to start a new project!,0
Excited about the new season of my favorite show!,0
Exclusive offer: Buy our new token now!,1
Enjoying a relaxing day at home!,0
"This new token is the next big thing, buy now!",1
Invest in crypto and watch your money grow!,1
"Lovely weather today, feeling great!",0
Invest in this new crypto token and make millions!,1
Looking forward to the weekend!,0
Celebrating a small victory today!,0
Had a wonderful time with friends!,0
Had a wonderful time with friends!,0
"This new token is the next big thing, buy now!",1
Excited about the new season of my favorite show!,0
Celebrating a small victory today!,0
Happy Birthday to my best friend!,0
Looking forward to the weekend!,0
Excited about the new season of my favorite show!,0
"Lovely weather today, feeling great!",0
Enjoying a relaxing day at home!,0
Send BTC to this address for guaranteed returns!,1
Invest in crypto and watch your money grow!,1
"Lovely weather today, feeling great!",0
Click here to get free Bitcoin!,1
Invest in this new crypto token and make millions!,1
Click here to get free Bitcoin!,1
Invest in this new crypto token and make millions!,1
Looking forward to the weekend!,0
Just had the best coffee ever!,0
Invest in this new crypto token and make millions!,1
Just completed a 5K run!,0
Transfer crypto to my wallet for a chance to win big!,1
Excited about the new season of my favorite show!,0
Excited about the new season of my favorite show!,0
Feeling motivated to start a new project!,0
Earn crypto rewards by clicking this link!,1
Happy Birthday to my best friend!,0
"Lovely weather today, feeling great!",0
Enjoying a relaxing day at home!,0
Transfer crypto to my wallet for a chance to win big!,1
Excited about the new season of my favorite show!,0
"Lovely weather today, feeling great!",0
Just had the best coffee ever!,0
Had a wonderful time with friends!,0
"This new token is the next big thing, buy now!",1
Invest in crypto and watch your money grow!,1
Invest in crypto and watch your money grow!,1
Just had the best coffee ever!,0
Just completed a 5K run!,0
Invest in this new crypto token and make millions!,1
Feeling motivated to start a new project!,0
Transfer crypto to my wallet for a chance to win big!,1
Earn crypto rewards by clicking this link!,1
"Lovely weather today, feeling great!",0
Excited about the new season of my favorite show!,0
"This new token is the next big thing, buy now!",1
Send BTC to this address for guaranteed returns!,1
Enjoying a relaxing day at home!,0
Just had the best coffee ever!,0
Excited about the new season of my favorite show!,0
Had a wonderful time with friends!,0
Join our crypto investment scheme and profit!,1
Happy Birthday to my best friend!,0
Earn crypto rewards by clicking this link!,1
Enjoying a relaxing day at home!,0
Feeling motivated to start a new project!,0
Transfer crypto to my wallet for a chance to win big!,1
"This new token is the next big thing, buy now!",1
Invest in this new crypto token and make millions!,1
Had a wonderful time with friends!,0
Invest in this new crypto token and make millions!,1
Feeling motivated to start a new project!,0
Excited about the new season of my favorite show!,0
Just completed a 5K run!,0
Invest in this new crypto token and make millions!,1
Had a wonderful time with friends!,0
Exclusive offer: Buy our new token now!,1
Join our crypto investment scheme and profit!,1
Celebrating a small victory today!,0
Click here to get free Bitcoin!,1
Just completed a 5K run!,0
Just had the best coffee ever!,0
Had a wonderful time with friends!,0
Happy Birthday to my best friend!,0
Had a wonderful time with friends!,0
Invest in crypto and watch your money grow!,1
Feeling motivated to start a new project!,0
Looking forward to the weekend!,0
"This new token is the next big thing, buy now!",1
"This new token is the next big thing, buy now!",1
Send BTC to this address for guaranteed returns!,1
Send me your ETH and I'll double it!,1
Excited about the new season of my favorite show!,0
Transfer crypto to my wallet for a chance to win big!,1
Join our crypto investment scheme and profit!,1
Enjoying a relaxing day at home!,0
Earn crypto rewards by clicking this link!,1
Earn crypto rewards by clicking this link!,1
Send me your ETH and I'll double it!,1
Earn crypto rewards by clicking this link!,1
Send BTC to this address for guaranteed returns!,1
Send me your ETH and I'll double it!,1
Transfer crypto to my wallet for a chance to win big!,1
Just completed a 5K run!,0
Send BTC to this address for guaranteed returns!,1
Enjoying a relaxing day at home!,0
Happy Birthday to my best friend!,0
Send BTC to this address for guaranteed returns!,1
Just had the best coffee ever!,0
Earn crypto rewards by clicking this link!,1
Send BTC to this address for guaranteed returns!,1
Just completed a 5K run!,0
Earn crypto rewards by clicking this link!,1
Invest in crypto and watch your money grow!,1
Just had the best coffee ever!,0
Invest in this new crypto token and make millions!,1
Had a wonderful time with friends!,0
Happy Birthday to my best friend!,0
Excited about the new season of my favorite show!,0
Transfer crypto to my wallet for a chance to win big!,1
Earn crypto rewards by clicking this link!,1
Looking forward to the weekend!,0
Send BTC to this address for guaranteed returns!,1
Invest in crypto and watch your money grow!,1
Invest in crypto and watch your money grow!,1
Invest in this new crypto token and make millions!,1
Transfer crypto to my wallet for a chance to win big!,1
Invest in this new crypto token and make millions!,1
Invest in crypto and watch your money grow!,1
Earn crypto rewards by clicking this link!,1
Enjoying a relaxing day at home!,0
Looking forward to the weekend!,0
Join our crypto investment scheme and profit!,1
Happy Birthday to my best friend!,0
Happy Birthday to my best friend!,0
Click here to get free Bitcoin!,1
Join our crypto investment scheme and profit!,1
Had a wonderful time with friends!,0
Join our crypto investment scheme and profit!,1
Send me your ETH and I'll double it!,1
"This new token is the next big thing, buy now!",1
Just completed a 5K run!,0
Send me your ETH and I'll double it!,1
Happy Birthday to my best friend!,0
"This new token is the next big thing, buy now!",1
Just completed a 5K run!,0
Celebrating a small victory today!,0
Exclusive offer: Buy our new token now!,1
Send me your ETH and I'll double it!,1
Looking forward to the weekend!,0
Exclusive offer: Buy our new token now!,1
"Lovely weather today, feeling great!",0
Join our crypto investment scheme and profit!,1
Feeling motivated to start a new project!,0
"This new token is the next big thing, buy now!",1
Feeling motivated to start a new project!,0
Just completed a 5K run!,0
Send BTC to this address for guaranteed returns!,1
Send me your ETH and I'll double it!,1
Send me your ETH and I'll double it!,1
Join our crypto investment scheme and profit!,1
Just completed a 5K run!,0
Just had the best coffee ever!,0
Feeling motivated to start a new project!,0
Enjoying a relaxing day at home!,0
Just completed a 5K run!,0
Excited about the new season of my favorite show!,0
Looking forward to the weekend!,0
Just completed a 5K run!,0
Exclusive offer: Buy our new token now!,1
Just had the best coffee ever!,0
Join our crypto investment scheme and profit!,1
Celebrating a small victory today!,0
Send BTC to this address for guaranteed returns!,1
"Lovely weather today, feeling great!",0
Earn crypto rewards by clicking this link!,1
Click here to get free Bitcoin!,1
Invest in crypto and watch your money grow!,1
"Lovely weather today, feeling great!",0
"Lovely weather today, feeling great!",0
Happy Birthday to my best friend!,0
Send BTC to this address for guaranteed returns!,1
Celebrating a small victory today!,0
Exclusive offer: Buy our new token now!,1
Click here to get free Bitcoin!,1
Just completed a 5K run!,0
Just had the best coffee ever!,0
Transfer crypto to my wallet for a chance to win big!,1
Happy Birthday to my best friend!,0
Feeling motivated to start a new project!,0
Join our crypto investment scheme and profit!,1
Celebrating a small victory today!,0
"This new token is the next big thing, buy now!",1
Invest in this new crypto token and make millions!,1
Earn crypto rewards by clicking this link!,1
Celebrating a small victory today!,0
Send me your ETH and I'll double it!,1
Just had the best coffee ever!,0
Just had the best coffee ever!,0
Looking forward to the weekend!,0
Invest in this new crypto token and make millions!,1
Send BTC to this address for guaranteed returns!,1
Send me your ETH and I'll double it!,1
Just completed a 5K run!,0
Invest in this new crypto token and make millions!,1
Happy Birthday to my best friend!,0
Feeling motivated to start a new project!,0
Celebrating a small victory today!,0
Invest in this new crypto token and make millions!,1
Looking forward to the weekend!,0
Join our crypto investment scheme and profit!,1
Celebrating a small victory today!,0
Looking forward to the weekend!,0
Transfer crypto to my wallet for a chance to win big!,1
Click here to get free Bitcoin!,1
Click here to get free Bitcoin!,1
Excited about the new season of my favorite show!,0
Invest in this new crypto token and make millions!,1
Looking forward to the weekend!,0
Click here to get free Bitcoin!,1
Enjoying a relaxing day at home!,0
Celebrating a small victory today!,0
Enjoying a relaxing day at home!,0
Excited about the new season of my favorite show!,0
Happy Birthday to my best friend!,0
Join our crypto investment scheme and profit!,1
Click here to get free Bitcoin!,1
Click here to get free Bitcoin!,1
Transfer crypto to my wallet for a chance to win big!,1
Feeling motivated to start a new project!,0
Send BTC to this address for guaranteed returns!,1
"Lovely weather today, feeling great!",0
Join our crypto investment scheme and profit!,1
Send me your ETH and I'll double it!,1
Had a wonderful time with friends!,0
Transfer crypto to my wallet for a chance to win big!,1
Excited about the new season of my favorite show!,0
Earn crypto rewards by clicking this link!,1
Exclusive offer: Buy our new token now!,1
Just had the best coffee ever!,0
Looking forward to the weekend!,0
Enjoying a relaxing day at home!,0
Just completed a 5K run!,0
Join our crypto investment scheme and profit!,1
Excited about the new season of my favorite show!,0
Just completed a 5K run!,0
Exclusive offer: Buy our new token now!,1
Feeling motivated to start a new project!,0
"This new token is the next big thing, buy now!",1
Happy Birthday to my best friend!,0
"Lovely weather today, feeling great!",0
Had a wonderful time with friends!,0
Send me your ETH and I'll double it!,1
"Lovely weather today, feeling great!",0
Exclusive offer: Buy our new token now!,1
Send BTC to this address for guaranteed returns!,1
"Lovely weather today, feeling great!",0
Click here to get free Bitcoin!,1
Join our crypto investment scheme and profit!,1
"This new token is the next big thing, buy now!",1
Happy Birthday to my best friend!,0
Had a wonderful time with friends!,0
"This new token is the next big thing, buy now!",1
Join our crypto investment scheme and profit!,1
"This new token is the next big thing, buy now!",1
Invest in this new crypto token and make millions!,1
Just completed a 5K run!,0
Enjoying a relaxing day at home!,0
Transfer crypto to my wallet for a chance to win big!,1
Invest in crypto and watch your money grow!,1
Happy Birthday to my best friend!,0
Celebrating a small victory today!,0
Happy Birthday to my best friend!,0
Just completed a 5K run!,0
Just had the best coffee ever!,0
Just had the best coffee ever!,0
Excited about the new season of my favorite show!,0
"This new token is the next big thing, buy now!",1
Exclusive offer: Buy our new token now!,1
Click here to get free Bitcoin!,1
Invest in crypto and watch your money grow!,1
Enjoying a relaxing day at home!,0
"Lovely weather today, feeling great!",0
Send BTC to this address for guaranteed returns!,1
Had a wonderful time with friends!,0
Happy Birthday to my best friend!,0
Earn crypto rewards by clicking this link!,1
Just had the best coffee ever!,0
Invest in this new crypto token and make millions!,1
Send BTC to this address for guaranteed returns!,1
Earn crypto rewards by clicking this link!,1
Celebrating a small victory today!,0
Send BTC to this address for guaranteed returns!,1
Transfer crypto to my wallet for a chance to win big!,1
"This new token is the next big thing, buy now!",1
Looking forward to the weekend!,0
Enjoying a relaxing day at home!,0
Join our crypto investment scheme and profit!,1
Just completed a 5K run!,0
Click here to get free Bitcoin!,1
Click here to get free Bitcoin!,1
Earn crypto rewards by clicking this link!,1
Click here to get free Bitcoin!,1
Exclusive offer: Buy our new token now!,1
Exclusive offer: Buy our new token now!,1
Just completed a 5K run!,0
Invest in this new crypto token and make millions!,1
Had a wonderful time with friends!,0
Just completed a 5K run!,0
Join our crypto investment scheme and profit!,1
Invest in crypto and watch your money grow!,1
"Lovely weather today, feeling great!",0
Click here to get free Bitcoin!,1
Transfer crypto to my wallet for a chance to win big!,1
Transfer crypto to my wallet for a chance to win big!,1
Invest in crypto and watch your money grow!,1
Had a wonderful time with friends!,0
"This new token is the next big thing, buy now!",1
Invest in crypto and watch your money grow!,1
Looking forward to the weekend!,0
Just completed a 5K run!,0
Invest in this new crypto token and make millions!,1
Join our crypto investment scheme and profit!,1
Invest in crypto and watch your money grow!,1
Enjoying a relaxing day at home!,0
Celebrating a small victory today!,0
Click here to get free Bitcoin!,1
Just had the best coffee ever!,0
"Lovely weather today, feeling great!",0
Happy Birthday to my best friend!,0
Invest in this new crypto token and make millions!,1
Invest in this new crypto token and make millions!,1
Feeling motivated to start a new project!,0
Just had the best coffee ever!,0
Send BTC to this address for guaranteed returns!,1
"This new token is the next big thing, buy now!",1
Enjoying a relaxing day at home!,0
"This new token is the next big thing, buy now!",1
Happy Birthday to my best friend!,0
Feeling motivated to start a new project!,0
Transfer crypto to my wallet for a chance to win big!,1
Enjoying a relaxing day at home!,0
Send BTC to this address for guaranteed returns!,1
Send me your ETH and I'll double it!,1
Just had the best coffee ever!,0
Just completed a 5K run!,0
Enjoying a relaxing day at home!,0
Enjoying a relaxing day at home!,0
"This new token is the next big thing, buy now!",1
Happy Birthday to my best friend!,0
Transfer crypto to my wallet for a chance to win big!,1
Feeling motivated to start a new project!,0
Exclusive offer: Buy our new token now!,1
Feeling motivated to start a new project!,0
Just had the best coffee ever!,0
Enjoying a relaxing day at home!,0
Earn crypto rewards by clicking this link!,1
Looking forward to the weekend!,0
Had a wonderful time with friends!,0
Transfer crypto to my wallet for a chance to win big!,1
Invest in crypto and watch your money grow!,1
Send BTC to this address for guaranteed returns!,1
Click here to get free Bitcoin!,1
Send me your ETH and I'll double it!,1
Just had the best coffee ever!,0
Send me your ETH and I'll double it!,1
Excited about the new season of my favorite show!,0
Happy Birthday to my best friend!,0
Just had the best coffee ever!,0
Looking forward to the weekend!,0
Excited about the new season of my favorite show!,0
Invest in crypto and watch your money grow!,1
Send me your ETH and I'll double it!,1
Click here to get free Bitcoin!,1
Exclusive offer: Buy our new token now!,1
Click here to get free Bitcoin!,1
Just completed a 5K run!,0
Join our crypto investment scheme and profit!,1
Just completed a 5K run!,0
Had a wonderful time with friends!,0
Earn crypto rewards by clicking this link!,1
Earn crypto rewards by clicking this link!,1
Just completed a 5K run!,0
Feeling motivated to start a new project!,0
Enjoying a relaxing day at home!,0
Had a wonderful time with friends!,0
Invest in crypto and watch your money grow!,1
Looking forward to the weekend!,0
"Lovely weather today, feeling great!",0
Just had the best coffee ever!,0
Invest in crypto and watch your money grow!,1
Excited about the new season of my favorite show!,0
Click here to get free Bitcoin!,1
Send BTC to this address for guaranteed returns!,1
Invest in this new crypto token and make millions!,1
Click here to get free Bitcoin!,1
"This new token is the next big thing, buy now!",1
Had a wonderful time with friends!,0
Send BTC to this address for guaranteed returns!,1
Had a wonderful time with friends!,0
Earn crypto rewards by clicking this link!,1
Click here to get free Bitcoin!,1
Had a wonderful time with friends!,0
Just completed a 5K run!,0
Had a wonderful time with friends!,0
Send me your ETH and I'll double it!,1
Send me your ETH and I'll double it!,1
Had a wonderful time with friends!,0
"Lovely weather today, feeling great!",0
Excited about the new season of my favorite show!,0
Just had the best coffee ever!,0
Click here to get free Bitcoin!,1
Excited about the new season of my favorite show!,0
Looking forward to the weekend!,0
"Lovely weather today, feeling great!",0
Happy Birthday to my best friend!,0
Just had the best coffee ever!,0
"This new token is the next big thing, buy now!",1
Click here to get free Bitcoin!,1
Excited about the new season of my favorite show!,0
Celebrating a small victory today!,0
Enjoying a relaxing day at home!,0
Just completed a 5K run!,0
Celebrating a small victory today!,0
"This new token is the next big thing, buy now!",1
Exclusive offer: Buy our new token now!,1
Join our crypto investment scheme and profit!,1
Feeling motivated to start a new project!,0
Transfer crypto to my wallet for a chance to win big!,1
Enjoying a relaxing day at home!,0
Feeling motivated to start a new project!,0
Invest in this new crypto token and make millions!,1
Excited about the new season of my favorite show!,0
Excited about the new season of my favorite show!,0
Invest in crypto and watch your money grow!,1
Exclusive offer: Buy our new token now!,1
Invest in crypto and watch your money grow!,1
Celebrating a small victory today!,0
Happy Birthday to my best friend!,0
Click here to get free Bitcoin!,1
Invest in crypto and watch your money grow!,1
Join our crypto investment scheme and profit!,1
Join our crypto investment scheme and profit!,1
Had a wonderful time with friends!,0
Invest in this new crypto token and make millions!,1
Feeling motivated to start a new project!,0
"This new token is the next big thing, buy now!",1
Excited about the new season of my favorite show!,0
Looking forward to the weekend!,0
Send me your ETH and I'll double it!,1
Invest in this new crypto token and make millions!,1
Join our crypto investment scheme and profit!,1
Excited about the new season of my favorite show!,0
Invest in crypto and watch your money grow!,1
Click here to get free Bitcoin!,1
Just had the best coffee ever!,0
Celebrating a small victory today!,0
Transfer crypto to my wallet for a chance to win big!,1
Exclusive offer: Buy our new token now!,1
Send BTC to this address for guaranteed returns!,1
Enjoying a relaxing day at home!,0
Happy Birthday to my best friend!,0
Just completed a 5K run!,0
Just had the best coffee ever!,0
Earn crypto rewards by clicking this link!,1
Invest in this new crypto token and make millions!,1
Exclusive offer: Buy our new token now!,1
Exclusive offer: Buy our new token now!,1
Just completed a 5K run!,0
Happy Birthday to my best friend!,0
Just completed a 5K run!,0
Excited about the new season of my favorite show!,0
Had a wonderful time with friends!,0
Enjoying a relaxing day at home!,0
Just had the best coffee ever!,0
Send me your ETH and I'll double it!,1
Just completed a 5K run!,0
Feeling motivated to start a new project!,0
Looking forward to the weekend!,0
Click here to get free Bitcoin!,1
Send me your ETH and I'll double it!,1
Join our crypto investment scheme and profit!,1
Send BTC to this address for guaranteed returns!,1
Just had the best coffee ever!,0
Happy Birthday to my best friend!,0
Just completed a 5K run!,0
Looking forward to the weekend!,0
Looking forward to the weekend!,0
Feeling motivated to start a new project!,0
Click here to get free Bitcoin!,1
Happy Birthday to my best friend!,0
"This new token is the next big thing, buy now!",1
Send BTC to this address for guaranteed returns!,1
Just completed a 5K run!,0
Invest in crypto and watch your money grow!,1
Click here to get free Bitcoin!,1
Just had the best coffee ever!,0
Celebrating a small victory today!,0
Send me your ETH and I'll double it!,1
Looking forward to the weekend!,0
Enjoying a relaxing day at home!,0
Earn crypto rewards by clicking this link!,1
Happy Birthday to my best friend!,0
"This new token is the next big thing, buy now!",1
Click here to get free Bitcoin!,1
Happy Birthday to my best friend!,0
Feeling motivated to start a new project!,0
Looking forward to the weekend!,0
Just had the best coffee ever!,0
Click here to get free Bitcoin!,1
Just had the best coffee ever!,0
Happy Birthday to my best friend!,0
Invest in crypto and watch your money grow!,1
Earn crypto rewards by clicking this link!,1
Just had the best coffee ever!,0
Send me your ETH and I'll double it!,1
Join our crypto investment scheme and profit!,1
Transfer crypto to my wallet for a chance to win big!,1
Celebrating a small victory today!,0
"Lovely weather today, feeling great!",0
"This new token is the next big thing, buy now!",1
Exclusive offer: Buy our new token now!,1
Happy Birthday to my best friend!,0
"This new token is the next big thing, buy now!",1
Earn crypto rewards by clicking this link!,1
Excited about the new season of my favorite show!,0
Feeling motivated to start a new project!,0
Exclusive offer: Buy our new token now!,1
Click here to get free Bitcoin!,1
"This new token is the next big thing, buy now!",1
Excited about the new season of my favorite show!,0
Join our crypto investment scheme and profit!,1
Exclusive offer: Buy our new token now!,1
Had a wonderful time with friends!,0
Send me your ETH and I'll double it!,1
"This new token is the next big thing, buy now!",1
